{
  "project_info": {
    "project_number": "148511279648",
    "firebase_url": "https://backgammon-da597.firebaseio.com",
    "project_id": "backgammon-da597",
    "storage_bucket": "backgammon-da597.appspot.com"
  },
  "client": [
    {
      "client_info": {
        "mobilesdk_app_id": "1:148511279648:android:26cafccc428677bbf80a45",
        "android_client_info": {
          "package_name": "com.example.backgammon"
        }
      },
      "oauth_client": [
        {
          "client_id": "148511279648-m08r0d4qiqt24t4sa9f4ma28rjq4buog.apps.googleusercontent.com",
          "client_type": 3
        }
      ],
      "api_key": [
        {
          "current_key": "AIzaSyDivmUlTKcKIeDcB1bPvueFtox29rdYb9Q"
        }
      ],
      "services": {
        "appinvite_service": {
          "other_platform_oauth_client": [
            {
              "client_id": "148511279648-m08r0d4qiqt24t4sa9f4ma28rjq4buog.apps.googleusercontent.com",
              "client_type": 3
            }
          ]
        }
      }
    }
  ],
  "configuration_version": "1"
}